metric_id,category,catalogue_status,dashboard_alignment_status,cube_view,cube_measure,measure_present_in_serve_view,dashboard_recon_verdict,catalogue_path
active_orders,commerce,draft,not_implemented,commerce_orders,commerce_orders.active_orders,yes,not_found,c:\SpacePeppers\SpacePeppers\Base_Agent\catalogue\metrics\active_orders.yaml
add_to_cart_events,web_analytics,certified,not_implemented,web_events_daily,web_events_daily.add_to_cart_events,yes,not_found,c:\SpacePeppers\SpacePeppers\Base_Agent\catalogue\metrics\add_to_cart_events.yaml
amazon_ads_clicks,paid_media,certified,match,amazon_ad_performance,amazon_ad_performance.amazon_ads_clicks,yes,match,c:\SpacePeppers\SpacePeppers\Base_Agent\catalogue\metrics\amazon_ads_clicks.yaml
amazon_ads_cpc,paid_media,certified,match,amazon_ad_performance,amazon_ad_performance.amazon_ads_cpc,yes,match,c:\SpacePeppers\SpacePeppers\Base_Agent\catalogue\metrics\amazon_ads_cpc.yaml
amazon_ads_cpm,paid_media,certified,match,amazon_ad_performance,amazon_ad_performance.amazon_ads_cpm,yes,match,c:\SpacePeppers\SpacePeppers\Base_Agent\catalogue\metrics\amazon_ads_cpm.yaml
amazon_ads_ctr,paid_media,certified,drift_corrected,amazon_ad_performance,amazon_ad_performance.amazon_ads_ctr,yes,drift,c:\SpacePeppers\SpacePeppers\Base_Agent\catalogue\metrics\amazon_ads_ctr.yaml
amazon_ads_impressions,paid_media,certified,match,amazon_ad_performance,amazon_ad_performance.amazon_ads_impressions,yes,match,c:\SpacePeppers\SpacePeppers\Base_Agent\catalogue\metrics\amazon_ads_impressions.yaml
amazon_ads_spend,paid_media,certified,match,amazon_ad_performance,amazon_ad_performance.amazon_ads_spend,yes,match,c:\SpacePeppers\SpacePeppers\Base_Agent\catalogue\metrics\amazon_ads_spend.yaml
amazon_cancelled_orders,commerce,certified,match,amazon_commerce_performance,amazon_commerce_performance.cancelled_orders,yes,match,c:\SpacePeppers\SpacePeppers\Base_Agent\catalogue\metrics\amazon_cancelled_orders.yaml
amazon_gross_revenue,commerce,certified,match,amazon_commerce_performance,amazon_commerce_performance.gross_revenue,yes,match,c:\SpacePeppers\SpacePeppers\Base_Agent\catalogue\metrics\amazon_gross_revenue.yaml
amazon_gross_sales,commerce,certified,match,sales_all_channels,sales_all_channels.amazon_gross_sales,yes,match,c:\SpacePeppers\SpacePeppers\Base_Agent\catalogue\metrics\amazon_gross_sales.yaml
amazon_marketplace_fees,commerce,draft,unclear,amazon_commerce_performance,amazon_commerce_performance.marketplace_fees,yes,unclear,c:\SpacePeppers\SpacePeppers\Base_Agent\catalogue\metrics\amazon_marketplace_fees.yaml
amazon_net_payout,commerce,certified,match,amazon_commerce_performance,amazon_commerce_performance.marketplace_net_payout,yes,match,c:\SpacePeppers\SpacePeppers\Base_Agent\catalogue\metrics\amazon_net_payout.yaml
amazon_net_sales,commerce,certified,drift_corrected,sales_all_channels,sales_all_channels.amazon_net_sales,yes,drift,c:\SpacePeppers\SpacePeppers\Base_Agent\catalogue\metrics\amazon_net_sales.yaml
amazon_orders,commerce,certified,match,orders_all_channels,orders_all_channels.amazon_orders,yes,match,c:\SpacePeppers\SpacePeppers\Base_Agent\catalogue\metrics\amazon_orders.yaml
amazon_platform_fees,finance,certified,drift_corrected,amazon_daily_pnl,amazon_daily_pnl.marketplace_fees,yes,drift,c:\SpacePeppers\SpacePeppers\Base_Agent\catalogue\metrics\amazon_platform_fees.yaml
amazon_return_revenue,commerce,certified,drift_corrected,amazon_commerce_performance,amazon_commerce_performance.returned_revenue,yes,drift,c:\SpacePeppers\SpacePeppers\Base_Agent\catalogue\metrics\amazon_return_revenue.yaml
amazon_returned_orders,commerce,certified,drift_corrected,amazon_commerce_performance,amazon_commerce_performance.returned_orders,yes,drift,c:\SpacePeppers\SpacePeppers\Base_Agent\catalogue\metrics\amazon_returned_orders.yaml
amazon_returns_cancels,commerce,certified,match,amazon_commerce_performance,amazon_commerce_performance.returns_cancels,yes,match,c:\SpacePeppers\SpacePeppers\Base_Agent\catalogue\metrics\amazon_returns_cancels.yaml
amazon_total_sales,commerce,certified,drift_corrected,sales_all_channels,sales_all_channels.amazon_total_sales,yes,drift,c:\SpacePeppers\SpacePeppers\Base_Agent\catalogue\metrics\amazon_total_sales.yaml
aov,commerce,certified,drift_corrected,commerce_orders,commerce_orders.aov,yes,drift,c:\SpacePeppers\SpacePeppers\Base_Agent\catalogue\metrics\aov.yaml
attributed_aov,attribution,certified,match,order_attribution,order_attribution.attributed_aov,yes,match,c:\SpacePeppers\SpacePeppers\Base_Agent\catalogue\metrics\attributed_aov.yaml
attributed_gross_revenue,attribution,certified,match,order_attribution,order_attribution.attributed_gross_revenue,yes,match,c:\SpacePeppers\SpacePeppers\Base_Agent\catalogue\metrics\attributed_gross_revenue.yaml
attributed_net_revenue,attribution,certified,match,order_attribution,order_attribution.attributed_net_revenue,yes,match,c:\SpacePeppers\SpacePeppers\Base_Agent\catalogue\metrics\attributed_net_revenue.yaml
attributed_new_customer_orders,attribution,certified,match,order_attribution,order_attribution.new_customer_orders,yes,match,c:\SpacePeppers\SpacePeppers\Base_Agent\catalogue\metrics\attributed_new_customer_orders.yaml
attributed_orders,attribution,certified,match,order_attribution,order_attribution.attributed_orders,yes,match,c:\SpacePeppers\SpacePeppers\Base_Agent\catalogue\metrics\attributed_orders.yaml
attributed_refund_amount,attribution,certified,drift_corrected,order_attribution,order_attribution.attributed_refund_amount,yes,drift,c:\SpacePeppers\SpacePeppers\Base_Agent\catalogue\metrics\attributed_refund_amount.yaml
attribution_rate,attribution,draft,not_implemented,order_attribution,order_attribution.attribution_rate,yes,not_found,c:\SpacePeppers\SpacePeppers\Base_Agent\catalogue\metrics\attribution_rate.yaml
average_selling_price,product,draft,not_implemented,product_performance,product_performance.average_selling_price,yes,not_found,c:\SpacePeppers\SpacePeppers\Base_Agent\catalogue\metrics\average_selling_price.yaml
avg_attribution_confidence,attribution,draft,not_implemented,order_attribution,order_attribution.avg_attribution_confidence,yes,not_found,c:\SpacePeppers\SpacePeppers\Base_Agent\catalogue\metrics\avg_attribution_confidence.yaml
avg_days_between_orders,customer,draft,not_implemented,purchase_sequence,purchase_sequence.avg_days_between_orders,yes,not_found,c:\SpacePeppers\SpacePeppers\Base_Agent\catalogue\metrics\avg_days_between_orders.yaml
avg_days_since_last_order,customer,draft,not_implemented,customer_ltv,customer_ltv.avg_days_since_last_order,yes,not_found,c:\SpacePeppers\SpacePeppers\Base_Agent\catalogue\metrics\avg_days_since_last_order.yaml
avg_ltv,customer,draft,not_implemented,customer_ltv,customer_ltv.avg_ltv,yes,not_found,c:\SpacePeppers\SpacePeppers\Base_Agent\catalogue\metrics\avg_ltv.yaml
avg_orders_per_customer,customer,draft,not_implemented,customer_ltv,customer_ltv.avg_orders_per_customer,yes,not_found,c:\SpacePeppers\SpacePeppers\Base_Agent\catalogue\metrics\avg_orders_per_customer.yaml
be_roas,finance,certified,match,canonical_pnl,canonical_pnl.be_roas,yes,match,c:\SpacePeppers\SpacePeppers\Base_Agent\catalogue\metrics\be_roas.yaml
bounce_rate,web_analytics,certified,drift_corrected,funnel_daily,funnel_daily.bounce_rate,yes,drift,c:\SpacePeppers\SpacePeppers\Base_Agent\catalogue\metrics\bounce_rate.yaml
cancel_revenue,commerce,certified,match,canonical_pnl,canonical_pnl.cancel_revenue,yes,match,c:\SpacePeppers\SpacePeppers\Base_Agent\catalogue\metrics\cancel_revenue.yaml
cancelled_orders,commerce,certified,match,commerce_orders,commerce_orders.cancelled_orders,yes,match,c:\SpacePeppers\SpacePeppers\Base_Agent\catalogue\metrics\cancelled_orders.yaml
channel_gross_revenue,attribution,draft,not_implemented,channel_attribution,channel_attribution.gross_revenue,yes,not_found,c:\SpacePeppers\SpacePeppers\Base_Agent\catalogue\metrics\channel_gross_revenue.yaml
channel_net_revenue,attribution,draft,not_implemented,channel_attribution,channel_attribution.net_revenue_excl_tax,yes,not_found,c:\SpacePeppers\SpacePeppers\Base_Agent\catalogue\metrics\channel_net_revenue.yaml
channel_orders,attribution,draft,not_implemented,channel_attribution,channel_attribution.orders,yes,not_found,c:\SpacePeppers\SpacePeppers\Base_Agent\catalogue\metrics\channel_orders.yaml
cod_orders,commerce,certified,match,commerce_orders,commerce_orders.cod_orders,yes,match,c:\SpacePeppers\SpacePeppers\Base_Agent\catalogue\metrics\cod_orders.yaml
collection_views,web_analytics,certified,not_implemented,web_events_daily,web_events_daily.collection_views,yes,not_found,c:\SpacePeppers\SpacePeppers\Base_Agent\catalogue\metrics\collection_views.yaml
commerce_net_revenue,commerce,certified,match,commerce_orders,commerce_orders.dashboard_net_sales_excl_tax,yes,match,c:\SpacePeppers\SpacePeppers\Base_Agent\catalogue\metrics\commerce_net_revenue.yaml
commerce_net_revenue_daily,commerce,certified,match,commerce_performance,commerce_performance.commerce_net_revenue,yes,match,c:\SpacePeppers\SpacePeppers\Base_Agent\catalogue\metrics\commerce_net_revenue_daily.yaml
contribution_margin,finance,certified,match,canonical_pnl,canonical_pnl.contribution_margin,yes,match,c:\SpacePeppers\SpacePeppers\Base_Agent\catalogue\metrics\contribution_margin.yaml
contribution_margin_pct,finance,certified,not_implemented,canonical_pnl,canonical_pnl.contribution_margin_pct,yes,not_found,c:\SpacePeppers\SpacePeppers\Base_Agent\catalogue\metrics\contribution_margin_pct.yaml
cost_coverage_pct,finance,draft,not_implemented,canonical_pnl,canonical_pnl.cost_coverage_pct,yes,not_found,c:\SpacePeppers\SpacePeppers\Base_Agent\catalogue\metrics\cost_coverage_pct.yaml
customer_profiles,customer,draft,not_implemented,customer_data,customer_data.customers,yes,not_found,c:\SpacePeppers\SpacePeppers\Base_Agent\catalogue\metrics\customer_profiles.yaml
customers,customer,certified,drift_corrected,customer_ltv,customer_ltv.customers,yes,drift,c:\SpacePeppers\SpacePeppers\Base_Agent\catalogue\metrics\customers.yaml
discounts,commerce,certified,match,commerce_orders,commerce_orders.discount_amount_excl_tax,yes,match,c:\SpacePeppers\SpacePeppers\Base_Agent\catalogue\metrics\discounts.yaml
event_cancel_revenue,commerce,certified,match,commerce_orders,commerce_orders.cancel_revenue_excl_tax,yes,match,c:\SpacePeppers\SpacePeppers\Base_Agent\catalogue\metrics\event_cancel_revenue.yaml
event_return_revenue,commerce,certified,match,commerce_orders,commerce_orders.return_revenue_excl_tax,yes,match,c:\SpacePeppers\SpacePeppers\Base_Agent\catalogue\metrics\event_return_revenue.yaml
events_per_session,web_analytics,certified,not_implemented,web_events,web_events.events_per_session,yes,not_found,c:\SpacePeppers\SpacePeppers\Base_Agent\catalogue\metrics\events_per_session.yaml
first_orders,customer,certified,drift_corrected,purchase_sequence,purchase_sequence.first_orders,yes,drift,c:\SpacePeppers\SpacePeppers\Base_Agent\catalogue\metrics\first_orders.yaml
funnel_conversion_rate,web_analytics,certified,unclear,funnel_daily,funnel_daily.funnel_conversion_rate,yes,unclear,c:\SpacePeppers\SpacePeppers\Base_Agent\catalogue\metrics\funnel_conversion_rate.yaml
funnel_purchases,web_analytics,certified,drift_corrected,funnel_daily,funnel_daily.purchases,yes,drift,c:\SpacePeppers\SpacePeppers\Base_Agent\catalogue\metrics\funnel_purchases.yaml
funnel_revenue,web_analytics,certified,drift_corrected,funnel_daily,funnel_daily.revenue,yes,drift,c:\SpacePeppers\SpacePeppers\Base_Agent\catalogue\metrics\funnel_revenue.yaml
google_attribution_gross_sales,attribution,certified,match,platform_attribution_commerce,platform_attribution_commerce.google_gross_sales,yes,match,c:\SpacePeppers\SpacePeppers\Base_Agent\catalogue\metrics\google_attribution_gross_sales.yaml
google_attribution_net_sales,attribution,certified,match,platform_attribution_commerce,platform_attribution_commerce.google_net_sales,yes,match,c:\SpacePeppers\SpacePeppers\Base_Agent\catalogue\metrics\google_attribution_net_sales.yaml
google_attribution_orders,attribution,certified,match,platform_attribution_commerce,platform_attribution_commerce.google_orders,yes,match,c:\SpacePeppers\SpacePeppers\Base_Agent\catalogue\metrics\google_attribution_orders.yaml
google_attribution_total_sales,attribution,certified,match,platform_attribution_commerce,platform_attribution_commerce.google_total_sales,yes,match,c:\SpacePeppers\SpacePeppers\Base_Agent\catalogue\metrics\google_attribution_total_sales.yaml
google_clicks,paid_media,certified,match,google_ad_performance,google_ad_performance.google_clicks,yes,match,c:\SpacePeppers\SpacePeppers\Base_Agent\catalogue\metrics\google_clicks.yaml
google_cpc,paid_media,certified,match,google_ad_performance,google_ad_performance.google_cpc,yes,match,c:\SpacePeppers\SpacePeppers\Base_Agent\catalogue\metrics\google_cpc.yaml
google_cpm,paid_media,certified,match,google_ad_performance,google_ad_performance.google_cpm,yes,match,c:\SpacePeppers\SpacePeppers\Base_Agent\catalogue\metrics\google_cpm.yaml
google_ctr,paid_media,certified,drift_corrected,google_ad_performance,google_ad_performance.google_ctr,yes,drift,c:\SpacePeppers\SpacePeppers\Base_Agent\catalogue\metrics\google_ctr.yaml
google_impressions,paid_media,certified,match,google_ad_performance,google_ad_performance.google_impressions,yes,match,c:\SpacePeppers\SpacePeppers\Base_Agent\catalogue\metrics\google_impressions.yaml
google_interaction_rate,paid_media,draft,not_implemented,google_ad_performance,google_ad_performance.google_interaction_rate,yes,not_found,c:\SpacePeppers\SpacePeppers\Base_Agent\catalogue\metrics\google_interaction_rate.yaml
google_interactions,paid_media,draft,not_implemented,google_ad_performance,google_ad_performance.google_interactions,yes,not_found,c:\SpacePeppers\SpacePeppers\Base_Agent\catalogue\metrics\google_interactions.yaml
google_spend,paid_media,certified,match,google_ad_performance,google_ad_performance.google_spend,yes,match,c:\SpacePeppers\SpacePeppers\Base_Agent\catalogue\metrics\google_spend.yaml
gross_margin_pct,finance,certified,drift_corrected,canonical_pnl,canonical_pnl.gross_margin_pct,yes,drift,c:\SpacePeppers\SpacePeppers\Base_Agent\catalogue\metrics\gross_margin_pct.yaml
gross_profit,finance,certified,drift_corrected,canonical_pnl,canonical_pnl.gross_profit,yes,drift,c:\SpacePeppers\SpacePeppers\Base_Agent\catalogue\metrics\gross_profit.yaml
gross_roas,finance,certified,drift_corrected,canonical_pnl,canonical_pnl.gross_roas,yes,drift,c:\SpacePeppers\SpacePeppers\Base_Agent\catalogue\metrics\gross_roas.yaml
gross_sales,commerce,certified,match,commerce_orders,commerce_orders.gross_sales_excl_tax,yes,match,c:\SpacePeppers\SpacePeppers\Base_Agent\catalogue\metrics\gross_sales.yaml
gross_sales_all_channels,commerce,certified,match,sales_all_channels,sales_all_channels.gross_sales,yes,match,c:\SpacePeppers\SpacePeppers\Base_Agent\catalogue\metrics\gross_sales_all_channels.yaml
gross_units_ordered,product,draft,not_implemented,product_performance,product_performance.gross_units_ordered,yes,not_found,c:\SpacePeppers\SpacePeppers\Base_Agent\catalogue\metrics\gross_units_ordered.yaml
lifetime_gross_revenue,customer,draft,not_implemented,customer_ltv,customer_ltv.lifetime_gross_revenue,yes,not_found,c:\SpacePeppers\SpacePeppers\Base_Agent\catalogue\metrics\lifetime_gross_revenue.yaml
lifetime_net_revenue,customer,draft,not_implemented,customer_ltv,customer_ltv.lifetime_net_revenue,yes,not_found,c:\SpacePeppers\SpacePeppers\Base_Agent\catalogue\metrics\lifetime_net_revenue.yaml
lifetime_orders,customer,draft,not_implemented,customer_ltv,customer_ltv.lifetime_orders,yes,not_found,c:\SpacePeppers\SpacePeppers\Base_Agent\catalogue\metrics\lifetime_orders.yaml
mer,finance,certified,not_implemented,canonical_pnl,canonical_pnl.mer,yes,not_found,c:\SpacePeppers\SpacePeppers\Base_Agent\catalogue\metrics\mer.yaml
meta_attr_aov,attribution,certified,match,meta_ad_attribution,meta_ad_attribution.attributed_aov,yes,match,c:\SpacePeppers\SpacePeppers\Base_Agent\catalogue\metrics\meta_attr_aov.yaml
meta_attr_gross_revenue,attribution,certified,drift_corrected,meta_ad_attribution,meta_ad_attribution.attributed_gross_revenue,yes,drift,c:\SpacePeppers\SpacePeppers\Base_Agent\catalogue\metrics\meta_attr_gross_revenue.yaml
meta_attr_net_revenue,attribution,certified,match,meta_ad_attribution,meta_ad_attribution.attributed_net_revenue,yes,match,c:\SpacePeppers\SpacePeppers\Base_Agent\catalogue\metrics\meta_attr_net_revenue.yaml
meta_attr_new_customer_orders,attribution,draft,not_implemented,meta_ad_attribution,meta_ad_attribution.new_customer_orders,yes,not_found,c:\SpacePeppers\SpacePeppers\Base_Agent\catalogue\metrics\meta_attr_new_customer_orders.yaml
meta_attr_new_customer_revenue,attribution,draft,not_implemented,meta_ad_attribution,meta_ad_attribution.new_customer_revenue,yes,not_found,c:\SpacePeppers\SpacePeppers\Base_Agent\catalogue\metrics\meta_attr_new_customer_revenue.yaml
meta_attr_orders,attribution,certified,match,meta_ad_attribution,meta_ad_attribution.attributed_orders,yes,match,c:\SpacePeppers\SpacePeppers\Base_Agent\catalogue\metrics\meta_attr_orders.yaml
meta_attr_refund_amount,attribution,draft,not_implemented,meta_ad_attribution,meta_ad_attribution.attributed_refund_amount,yes,not_found,c:\SpacePeppers\SpacePeppers\Base_Agent\catalogue\metrics\meta_attr_refund_amount.yaml
meta_attribution_gross_sales,attribution,certified,match,platform_attribution_commerce,platform_attribution_commerce.meta_gross_sales,yes,match,c:\SpacePeppers\SpacePeppers\Base_Agent\catalogue\metrics\meta_attribution_gross_sales.yaml
meta_attribution_net_sales,attribution,certified,match,platform_attribution_commerce,platform_attribution_commerce.meta_net_sales,yes,match,c:\SpacePeppers\SpacePeppers\Base_Agent\catalogue\metrics\meta_attribution_net_sales.yaml
meta_attribution_orders,attribution,certified,match,platform_attribution_commerce,platform_attribution_commerce.meta_orders,yes,match,c:\SpacePeppers\SpacePeppers\Base_Agent\catalogue\metrics\meta_attribution_orders.yaml
meta_attribution_total_sales,attribution,certified,match,platform_attribution_commerce,platform_attribution_commerce.meta_total_sales,yes,match,c:\SpacePeppers\SpacePeppers\Base_Agent\catalogue\metrics\meta_attribution_total_sales.yaml
meta_breakdown_clicks,paid_media,draft,not_implemented,meta_ad_breakdown_performance,meta_ad_breakdown_performance.meta_clicks,yes,,c:\SpacePeppers\SpacePeppers\Base_Agent\catalogue\metrics\meta_breakdown_clicks.yaml
meta_breakdown_cpc,paid_media,draft,not_implemented,meta_ad_breakdown_performance,meta_ad_breakdown_performance.meta_cpc,yes,,c:\SpacePeppers\SpacePeppers\Base_Agent\catalogue\metrics\meta_breakdown_cpc.yaml
meta_breakdown_cpm,paid_media,draft,not_implemented,meta_ad_breakdown_performance,meta_ad_breakdown_performance.meta_cpm,yes,,c:\SpacePeppers\SpacePeppers\Base_Agent\catalogue\metrics\meta_breakdown_cpm.yaml
meta_breakdown_ctr,paid_media,draft,not_implemented,meta_ad_breakdown_performance,meta_ad_breakdown_performance.meta_ctr,yes,,c:\SpacePeppers\SpacePeppers\Base_Agent\catalogue\metrics\meta_breakdown_ctr.yaml
meta_breakdown_hook_rate,paid_media,draft,not_implemented,meta_ad_breakdown_performance,meta_ad_breakdown_performance.meta_hook_rate,yes,,c:\SpacePeppers\SpacePeppers\Base_Agent\catalogue\metrics\meta_breakdown_hook_rate.yaml
meta_breakdown_impressions,paid_media,draft,not_implemented,meta_ad_breakdown_performance,meta_ad_breakdown_performance.meta_impressions,yes,,c:\SpacePeppers\SpacePeppers\Base_Agent\catalogue\metrics\meta_breakdown_impressions.yaml
meta_breakdown_landing_page_views,paid_media,draft,not_implemented,meta_ad_breakdown_performance,meta_ad_breakdown_performance.meta_landing_page_views,yes,,c:\SpacePeppers\SpacePeppers\Base_Agent\catalogue\metrics\meta_breakdown_landing_page_views.yaml
meta_breakdown_link_clicks,paid_media,draft,not_implemented,meta_ad_breakdown_performance,meta_ad_breakdown_performance.meta_link_clicks,yes,,c:\SpacePeppers\SpacePeppers\Base_Agent\catalogue\metrics\meta_breakdown_link_clicks.yaml
meta_breakdown_spend,paid_media,draft,not_implemented,meta_ad_breakdown_performance,meta_ad_breakdown_performance.meta_spend,yes,,c:\SpacePeppers\SpacePeppers\Base_Agent\catalogue\metrics\meta_breakdown_spend.yaml
meta_breakdown_thruplays,paid_media,draft,not_implemented,meta_ad_breakdown_performance,meta_ad_breakdown_performance.meta_thruplays,yes,,c:\SpacePeppers\SpacePeppers\Base_Agent\catalogue\metrics\meta_breakdown_thruplays.yaml
meta_breakdown_video_completion_rate,paid_media,draft,not_implemented,meta_ad_breakdown_performance,meta_ad_breakdown_performance.meta_video_completion_rate,yes,,c:\SpacePeppers\SpacePeppers\Base_Agent\catalogue\metrics\meta_breakdown_video_completion_rate.yaml
meta_clicks,paid_media,certified,match,meta_ad_performance,meta_ad_performance.meta_clicks,yes,match,c:\SpacePeppers\SpacePeppers\Base_Agent\catalogue\metrics\meta_clicks.yaml
meta_cost_per_landing_page_view,paid_media,certified,drift_corrected,meta_ad_performance,meta_ad_performance.meta_cost_per_landing_page_view,yes,drift,c:\SpacePeppers\SpacePeppers\Base_Agent\catalogue\metrics\meta_cost_per_landing_page_view.yaml
meta_cost_per_link_click,paid_media,draft,not_implemented,meta_ad_performance,meta_ad_performance.meta_cost_per_link_click,yes,not_found,c:\SpacePeppers\SpacePeppers\Base_Agent\catalogue\metrics\meta_cost_per_link_click.yaml
meta_cost_per_thruplay,paid_media,draft,not_implemented,meta_ad_performance,meta_ad_performance.meta_cost_per_thruplay,yes,not_found,c:\SpacePeppers\SpacePeppers\Base_Agent\catalogue\metrics\meta_cost_per_thruplay.yaml
meta_cpc,paid_media,certified,match,meta_ad_performance,meta_ad_performance.meta_cpc,yes,match,c:\SpacePeppers\SpacePeppers\Base_Agent\catalogue\metrics\meta_cpc.yaml
meta_cpm,paid_media,certified,match,meta_ad_performance,meta_ad_performance.meta_cpm,yes,match,c:\SpacePeppers\SpacePeppers\Base_Agent\catalogue\metrics\meta_cpm.yaml
meta_ctr,paid_media,certified,drift_corrected,meta_ad_performance,meta_ad_performance.meta_ctr,yes,drift,c:\SpacePeppers\SpacePeppers\Base_Agent\catalogue\metrics\meta_ctr.yaml
meta_frequency,paid_media,draft,not_implemented,meta_ad_performance,meta_ad_performance.meta_frequency,yes,not_found,c:\SpacePeppers\SpacePeppers\Base_Agent\catalogue\metrics\meta_frequency.yaml
meta_hold_rate_15s,paid_media,draft,not_implemented,meta_ad_performance,meta_ad_performance.meta_hold_rate_15s,yes,not_found,c:\SpacePeppers\SpacePeppers\Base_Agent\catalogue\metrics\meta_hold_rate_15s.yaml
meta_hook_rate,paid_media,draft,not_implemented,meta_ad_performance,meta_ad_performance.meta_hook_rate,yes,not_found,c:\SpacePeppers\SpacePeppers\Base_Agent\catalogue\metrics\meta_hook_rate.yaml
meta_impressions,paid_media,certified,match,meta_ad_performance,meta_ad_performance.meta_impressions,yes,match,c:\SpacePeppers\SpacePeppers\Base_Agent\catalogue\metrics\meta_impressions.yaml
meta_landing_page_views,paid_media,certified,drift_corrected,meta_ad_performance,meta_ad_performance.meta_landing_page_views,yes,drift,c:\SpacePeppers\SpacePeppers\Base_Agent\catalogue\metrics\meta_landing_page_views.yaml
meta_link_clicks,paid_media,draft,not_implemented,meta_ad_performance,meta_ad_performance.meta_link_clicks,yes,not_found,c:\SpacePeppers\SpacePeppers\Base_Agent\catalogue\metrics\meta_link_clicks.yaml
meta_reach,paid_media_diagnostic,draft,not_implemented,meta_ad_performance,meta_ad_performance.meta_reach,yes,not_found,c:\SpacePeppers\SpacePeppers\Base_Agent\catalogue\metrics\meta_reach.yaml
meta_spend,paid_media,certified,match,meta_ad_performance,meta_ad_performance.meta_spend,yes,match,c:\SpacePeppers\SpacePeppers\Base_Agent\catalogue\metrics\meta_spend.yaml
meta_thruplays,paid_media,draft,not_implemented,meta_ad_performance,meta_ad_performance.meta_thruplays,yes,not_found,c:\SpacePeppers\SpacePeppers\Base_Agent\catalogue\metrics\meta_thruplays.yaml
meta_video_100_pct_views,paid_media,draft,unclear,meta_ad_performance,meta_ad_performance.meta_video_100_pct_views,yes,unclear,c:\SpacePeppers\SpacePeppers\Base_Agent\catalogue\metrics\meta_video_100_pct_views.yaml
meta_video_25_pct_rate,paid_media,draft,not_implemented,meta_ad_performance,meta_ad_performance.meta_video_25_pct_rate,yes,not_found,c:\SpacePeppers\SpacePeppers\Base_Agent\catalogue\metrics\meta_video_25_pct_rate.yaml
meta_video_25_pct_views,paid_media,draft,unclear,meta_ad_performance,meta_ad_performance.meta_video_25_pct_views,yes,unclear,c:\SpacePeppers\SpacePeppers\Base_Agent\catalogue\metrics\meta_video_25_pct_views.yaml
meta_video_30s_views,paid_media,draft,not_implemented,meta_ad_performance,meta_ad_performance.meta_video_30s_views,yes,not_found,c:\SpacePeppers\SpacePeppers\Base_Agent\catalogue\metrics\meta_video_30s_views.yaml
meta_video_3s_views,paid_media,draft,not_implemented,meta_ad_performance,meta_ad_performance.meta_video_3s_views,yes,not_found,c:\SpacePeppers\SpacePeppers\Base_Agent\catalogue\metrics\meta_video_3s_views.yaml
meta_video_50_pct_rate,paid_media,draft,not_implemented,meta_ad_performance,meta_ad_performance.meta_video_50_pct_rate,yes,not_found,c:\SpacePeppers\SpacePeppers\Base_Agent\catalogue\metrics\meta_video_50_pct_rate.yaml
meta_video_50_pct_views,paid_media,draft,unclear,meta_ad_performance,meta_ad_performance.meta_video_50_pct_views,yes,unclear,c:\SpacePeppers\SpacePeppers\Base_Agent\catalogue\metrics\meta_video_50_pct_views.yaml
meta_video_75_pct_rate,paid_media,draft,not_implemented,meta_ad_performance,meta_ad_performance.meta_video_75_pct_rate,yes,not_found,c:\SpacePeppers\SpacePeppers\Base_Agent\catalogue\metrics\meta_video_75_pct_rate.yaml
meta_video_75_pct_views,paid_media,draft,unclear,meta_ad_performance,meta_ad_performance.meta_video_75_pct_views,yes,unclear,c:\SpacePeppers\SpacePeppers\Base_Agent\catalogue\metrics\meta_video_75_pct_views.yaml
meta_video_95_pct_views,paid_media,draft,not_implemented,meta_ad_performance,meta_ad_performance.meta_video_95_pct_views,yes,not_found,c:\SpacePeppers\SpacePeppers\Base_Agent\catalogue\metrics\meta_video_95_pct_views.yaml
meta_video_completion_rate,paid_media,certified,drift_corrected,meta_ad_performance,meta_ad_performance.meta_video_completion_rate,yes,drift,c:\SpacePeppers\SpacePeppers\Base_Agent\catalogue\metrics\meta_video_completion_rate.yaml
meta_video_plays,paid_media,draft,unclear,meta_ad_performance,meta_ad_performance.meta_video_plays,yes,unclear,c:\SpacePeppers\SpacePeppers\Base_Agent\catalogue\metrics\meta_video_plays.yaml
net_cogs,finance,certified,drift_corrected,canonical_pnl,canonical_pnl.net_cogs,yes,drift,c:\SpacePeppers\SpacePeppers\Base_Agent\catalogue\metrics\net_cogs.yaml
net_margin_pct,finance,certified,drift_corrected,canonical_pnl,canonical_pnl.net_margin_pct,yes,drift,c:\SpacePeppers\SpacePeppers\Base_Agent\catalogue\metrics\net_margin_pct.yaml
net_profit,finance,certified,drift_corrected,canonical_pnl,canonical_pnl.net_profit_shopify,yes,drift,c:\SpacePeppers\SpacePeppers\Base_Agent\catalogue\metrics\net_profit.yaml
net_profit_all_channels,finance,certified,unclear,canonical_pnl,canonical_pnl.net_profit_all_channels,yes,unclear,c:\SpacePeppers\SpacePeppers\Base_Agent\catalogue\metrics\net_profit_all_channels.yaml
net_profit_blended,finance,certified,drift_corrected,canonical_pnl,canonical_pnl.net_profit,yes,drift,c:\SpacePeppers\SpacePeppers\Base_Agent\catalogue\metrics\net_profit_blended.yaml
net_profit_incl_amazon,finance,certified,not_implemented,canonical_pnl,canonical_pnl.net_profit_incl_amazon,yes,not_found,c:\SpacePeppers\SpacePeppers\Base_Agent\catalogue\metrics\net_profit_incl_amazon.yaml
net_roas,finance,certified,drift_corrected,canonical_pnl,canonical_pnl.net_roas,yes,drift,c:\SpacePeppers\SpacePeppers\Base_Agent\catalogue\metrics\net_roas.yaml
net_sales_all_channels,commerce,certified,drift_corrected,sales_all_channels,sales_all_channels.net_sales,yes,drift,c:\SpacePeppers\SpacePeppers\Base_Agent\catalogue\metrics\net_sales_all_channels.yaml
new_customer_orders,commerce,approved,match,commerce_orders,commerce_orders.new_customer_orders,yes,match,c:\SpacePeppers\SpacePeppers\Base_Agent\catalogue\metrics\new_customer_orders.yaml
operating_cost,finance,certified,match,canonical_pnl,canonical_pnl.operating_cost,yes,match,c:\SpacePeppers\SpacePeppers\Base_Agent\catalogue\metrics\operating_cost.yaml
orders,commerce,certified,match,commerce_orders,commerce_orders.orders,yes,match,c:\SpacePeppers\SpacePeppers\Base_Agent\catalogue\metrics\orders.yaml
packaging_cost,finance,certified,match,canonical_pnl,canonical_pnl.packaging_cost,yes,match,c:\SpacePeppers\SpacePeppers\Base_Agent\catalogue\metrics\packaging_cost.yaml
payment_gateway_fees,finance,certified,match,canonical_pnl,canonical_pnl.payment_gateway_fees,yes,match,c:\SpacePeppers\SpacePeppers\Base_Agent\catalogue\metrics\payment_gateway_fees.yaml
prepaid_orders,commerce,certified,match,commerce_orders,commerce_orders.prepaid_orders,yes,match,c:\SpacePeppers\SpacePeppers\Base_Agent\catalogue\metrics\prepaid_orders.yaml
product_cancel_revenue,product,certified,drift_corrected,product_performance,product_performance.product_cancel_revenue,yes,drift,c:\SpacePeppers\SpacePeppers\Base_Agent\catalogue\metrics\product_cancel_revenue.yaml
product_cogs,product,draft,not_implemented,product_performance,product_performance.product_cogs,yes,not_found,c:\SpacePeppers\SpacePeppers\Base_Agent\catalogue\metrics\product_cogs.yaml
product_cost,finance,certified,drift_corrected,canonical_pnl,canonical_pnl.product_cost,yes,drift,c:\SpacePeppers\SpacePeppers\Base_Agent\catalogue\metrics\product_cost.yaml
product_cost_all_channels,finance,certified,match,canonical_pnl,canonical_pnl.product_cost_all_channels,yes,match,c:\SpacePeppers\SpacePeppers\Base_Agent\catalogue\metrics\product_cost_all_channels.yaml
product_google_ad_spend,product,draft,not_implemented,product_ad_spend,product_ad_spend.google_spend_attributed,yes,not_found,c:\SpacePeppers\SpacePeppers\Base_Agent\catalogue\metrics\product_google_ad_spend.yaml
product_gross_margin_pct,product,draft,not_implemented,product_performance,product_performance.product_gross_margin_pct,yes,not_found,c:\SpacePeppers\SpacePeppers\Base_Agent\catalogue\metrics\product_gross_margin_pct.yaml
product_gross_profit,product,draft,not_implemented,product_performance,product_performance.gross_profit_ex_gst,yes,not_found,c:\SpacePeppers\SpacePeppers\Base_Agent\catalogue\metrics\product_gross_profit.yaml
product_meta_ad_spend,product,draft,not_implemented,product_ad_spend,product_ad_spend.meta_spend_attributed,yes,not_found,c:\SpacePeppers\SpacePeppers\Base_Agent\catalogue\metrics\product_meta_ad_spend.yaml
product_net_revenue,product,certified,drift_corrected,product_performance,product_performance.net_line_revenue_ex_gst,yes,drift,c:\SpacePeppers\SpacePeppers\Base_Agent\catalogue\metrics\product_net_revenue.yaml
product_orders,product,certified,drift_corrected,product_performance,product_performance.product_orders,yes,drift,c:\SpacePeppers\SpacePeppers\Base_Agent\catalogue\metrics\product_orders.yaml
product_other_ad_spend,product,draft,not_implemented,product_ad_spend,product_ad_spend.other_spend_attributed,yes,not_found,c:\SpacePeppers\SpacePeppers\Base_Agent\catalogue\metrics\product_other_ad_spend.yaml
product_return_revenue,product,certified,drift_corrected,product_performance,product_performance.product_return_revenue,yes,drift,c:\SpacePeppers\SpacePeppers\Base_Agent\catalogue\metrics\product_return_revenue.yaml
product_total_ad_spend,product,draft,not_implemented,product_ad_spend,product_ad_spend.total_ad_spend_attributed,yes,not_found,c:\SpacePeppers\SpacePeppers\Base_Agent\catalogue\metrics\product_total_ad_spend.yaml
product_views,web_analytics,certified,not_implemented,web_events_daily,web_events_daily.product_views,yes,not_found,c:\SpacePeppers\SpacePeppers\Base_Agent\catalogue\metrics\product_views.yaml
refund_count,operations,certified,not_implemented,refund_events,refund_events.refund_count,yes,not_found,c:\SpacePeppers\SpacePeppers\Base_Agent\catalogue\metrics\refund_count.yaml
refund_lines,operations,certified,not_implemented,return_lifecycle,return_lifecycle.refund_lines,yes,not_found,c:\SpacePeppers\SpacePeppers\Base_Agent\catalogue\metrics\refund_lines.yaml
refunded_amount_excl_tax,operations,certified,drift_corrected,refund_events,refund_events.refunded_amount_excl_tax,yes,drift,c:\SpacePeppers\SpacePeppers\Base_Agent\catalogue\metrics\refunded_amount_excl_tax.yaml
refunded_orders,commerce,certified,match,commerce_orders,commerce_orders.returned_orders,yes,match,c:\SpacePeppers\SpacePeppers\Base_Agent\catalogue\metrics\refunded_orders.yaml
repeat_customers,customer,certified,drift_corrected,customer_ltv,customer_ltv.repeat_customers,yes,drift,c:\SpacePeppers\SpacePeppers\Base_Agent\catalogue\metrics\repeat_customers.yaml
repeat_order_share,customer,draft,not_implemented,purchase_sequence,purchase_sequence.repeat_order_share,yes,not_found,c:\SpacePeppers\SpacePeppers\Base_Agent\catalogue\metrics\repeat_order_share.yaml
repeat_orders,customer,draft,not_implemented,purchase_sequence,purchase_sequence.repeat_orders,yes,not_found,c:\SpacePeppers\SpacePeppers\Base_Agent\catalogue\metrics\repeat_orders.yaml
repeat_purchase_net_revenue,customer,draft,not_implemented,purchase_sequence,purchase_sequence.net_revenue,yes,not_found,c:\SpacePeppers\SpacePeppers\Base_Agent\catalogue\metrics\repeat_purchase_net_revenue.yaml
repeat_purchase_orders,customer,draft,not_implemented,purchase_sequence,purchase_sequence.orders,yes,not_found,c:\SpacePeppers\SpacePeppers\Base_Agent\catalogue\metrics\repeat_purchase_orders.yaml
repeat_rate,customer,certified,drift_corrected,customer_ltv,customer_ltv.repeat_rate,yes,drift,c:\SpacePeppers\SpacePeppers\Base_Agent\catalogue\metrics\repeat_rate.yaml
return_cancel_revenue,commerce,certified,match,commerce_orders,commerce_orders.event_revenue_deduction_excl_tax,yes,match,c:\SpacePeppers\SpacePeppers\Base_Agent\catalogue\metrics\return_cancel_revenue.yaml
return_recovered_cogs,operations,certified,drift_corrected,return_lifecycle,return_lifecycle.recovered_cogs,yes,drift,c:\SpacePeppers\SpacePeppers\Base_Agent\catalogue\metrics\return_recovered_cogs.yaml
return_revenue,commerce,certified,match,canonical_pnl,canonical_pnl.return_revenue,yes,match,c:\SpacePeppers\SpacePeppers\Base_Agent\catalogue\metrics\return_revenue.yaml
returns_cancels,commerce,certified,match,commerce_orders,commerce_orders.returns_cancels_orders,yes,match,c:\SpacePeppers\SpacePeppers\Base_Agent\catalogue\metrics\returns_cancels.yaml
returns_excl_tax,operations,certified,drift_corrected,refund_events,refund_events.returns_excl_tax,yes,drift,c:\SpacePeppers\SpacePeppers\Base_Agent\catalogue\metrics\returns_excl_tax.yaml
rto_cost,finance,certified,match,canonical_pnl,canonical_pnl.rto_cost,yes,match,c:\SpacePeppers\SpacePeppers\Base_Agent\catalogue\metrics\rto_cost.yaml
shipping_cost,finance,certified,match,canonical_pnl,canonical_pnl.shipping_cost,yes,match,c:\SpacePeppers\SpacePeppers\Base_Agent\catalogue\metrics\shipping_cost.yaml
shopify_ad_spend,finance,certified,match,canonical_pnl,canonical_pnl.shopify_ad_spend,yes,match,c:\SpacePeppers\SpacePeppers\Base_Agent\catalogue\metrics\shopify_ad_spend.yaml
site_search_events,web_analytics,certified,not_implemented,web_events_daily,web_events_daily.site_search_events,yes,not_found,c:\SpacePeppers\SpacePeppers\Base_Agent\catalogue\metrics\site_search_events.yaml
taxes_on_net_sales,finance,certified,drift_corrected,canonical_pnl,canonical_pnl.taxes_on_net_sales,yes,drift,c:\SpacePeppers\SpacePeppers\Base_Agent\catalogue\metrics\taxes_on_net_sales.yaml
total_ad_spend,finance,certified,match,canonical_pnl,canonical_pnl.total_ad_spend,yes,match,c:\SpacePeppers\SpacePeppers\Base_Agent\catalogue\metrics\total_ad_spend.yaml
total_operating_cost,finance,certified,drift_corrected,canonical_pnl,canonical_pnl.total_operating_cost,yes,drift,c:\SpacePeppers\SpacePeppers\Base_Agent\catalogue\metrics\total_operating_cost.yaml
total_operating_cost_all_channels,finance,certified,unclear,canonical_pnl,canonical_pnl.total_operating_cost_all_channels,yes,unclear,c:\SpacePeppers\SpacePeppers\Base_Agent\catalogue\metrics\total_operating_cost_all_channels.yaml
total_orders,commerce,certified,match,orders_all_channels,orders_all_channels.orders,yes,match,c:\SpacePeppers\SpacePeppers\Base_Agent\catalogue\metrics\total_orders.yaml
total_sales,commerce,certified,match,commerce_orders,commerce_orders.total_sales,yes,match,c:\SpacePeppers\SpacePeppers\Base_Agent\catalogue\metrics\total_sales.yaml
total_sales_all_channels,commerce,certified,drift_corrected,sales_all_channels,sales_all_channels.total_sales,yes,drift,c:\SpacePeppers\SpacePeppers\Base_Agent\catalogue\metrics\total_sales_all_channels.yaml
touch_attributed_orders,attribution,draft,not_implemented,order_attribution,order_attribution.touch_attributed_orders,yes,not_found,c:\SpacePeppers\SpacePeppers\Base_Agent\catalogue\metrics\touch_attributed_orders.yaml
units_per_order,product,certified,drift_corrected,product_performance,product_performance.units_per_order,yes,drift,c:\SpacePeppers\SpacePeppers\Base_Agent\catalogue\metrics\units_per_order.yaml
units_sold,product,certified,drift_corrected,product_performance,product_performance.units_sold,yes,drift,c:\SpacePeppers\SpacePeppers\Base_Agent\catalogue\metrics\units_sold.yaml
web_events,web_analytics,certified,not_implemented,web_events_daily,web_events_daily.events,yes,not_found,c:\SpacePeppers\SpacePeppers\Base_Agent\catalogue\metrics\web_events.yaml
web_page_views,web_analytics,certified,drift_corrected,web_events_daily,web_events_daily.page_views,yes,drift,c:\SpacePeppers\SpacePeppers\Base_Agent\catalogue\metrics\web_page_views.yaml
web_sessions,web_analytics,certified,drift_corrected,session_funnel,session_funnel.sessions,yes,drift,c:\SpacePeppers\SpacePeppers\Base_Agent\catalogue\metrics\web_sessions.yaml
